,question,ground_truth,contexts,answer
0,Minh Tú đã đạt được thành tích gì trong chương trình Asia’ Next Top Model mùa thứ 5?,Minh Tú đã vượt qua sự sợ hãi để hoàn thành tốt phần thử thách đi catwalk khi bị treo lơ lửng trên một tòa nhà cao tầng và đạt vị trí thứ 2 trong đêm chung kết của chương trình.,"[""ngữ cảnh 1: Vượt qua nỗi sợ hãi, Minh Tú xuất sắc vào chung kết Asia's Next Top Model.  Bỏ qua hết những lo lắng về căn bệnh tim, Minh Tú đã hết sức chế ngự sự sợ hãi và hoàn thành tốt phần thử thách đi catwalk khi bị treo lơ lửng trên một tòa nhà cao tầng và dành chiếc vé vào đêm chung kết Asia’s Next Top Model..  Tối ngày 21/6, tập 12 của chương trình Asia’ Next Top Model mùa thứ 5 đã được lên sóng. 4 thí sinh cùng giám khảo bí mật Xiao Qing bước vào phần thi thử thách đặc biệt là đi catwalk khi bị treo lơ lửng trên một tòa nhà cao tầng. Các cô gái phải vừa tạo dáng vừa thể hiện được sự mạnh mẽ, quyến rũ riêng.. Mặc dù có bệnh về tim nhưng Minh Tú đã cố gắng hết sức chế ngự sự sợ hãi và hoàn thành tốt phần thử thách này. Thí sinh chiến thắng là Shikin và đại diện Việt Nam cũng không kém cạnh gì khi xuất sắc xếp ở vị trí thứ 2, báo GĐVN đưa tin.. Bước vào thử thách, Minh Tú hét lớn: “Tôi còn nhiều việc chưa làm được đâu” vì sợ sẽ rơi xuống tuy nhiên chỉ sau vài bước đi, cô hoàn toàn"", ""Jun 30, 2017 ... Minh Tú đã thành công khi giành ngôi vị Á quân cuộc thi Asia's Next Top Model? ... Vậy Minh Tú đã vượt qua những điều này như thế nào? Tôi\xa0..."", 'hơn!. Không quá khi nói rằng, Minh Tú đã vô tình bóc mẽ sự thật không mấy dễ chấp nhận này của showbiz và cũng động chạm tới không ít mỹ nhân của showbiz Việt.. Có lẽ, biết được điều đó mà Minh Tú đã lên tiếng xin lỗi trước những lời nói bị cho là hơi khó nghe của mình.. Cùng với đó, trong khi Lan Khuê im lặng sau những tranh cãi tập vừa rồi thì Minh Tú liên tiếp chia sẻ những dòng trạng thái, hình ảnh khác nhau. Từ việc phân trần về tập phát sóng, gửi lời đầy tình cảm tới cô học trò Khánh Linh bị loại cho tới việc chia sẻ tình trạng sức khỏe bản thân trước chung kết Asia Next Top Model, nơi cô được coi là đại diện Việt Nam xuất sắc nhất khi lọt chung kết.. Chỉ một câu nói bóc mẽ sự thật showbiz dù vô tình nhưng giờ, Minh Tú hẳn cũng tiếc nuối thốt lên từ ""giá như"".']","Dựa trên thông tin được cung cấp trong ngữ cảnh, Minh Tú đã đạt được thành tích xuất sắc khi lọt vào chung kết Asia’s Next Top Model mùa thứ 5. Cụ thể, Minh Tú đã hoàn thành tốt phần thử thách đi catwalk khi bị treo lơ lửng trên một tòa nhà cao tầng và giành được vị trí thứ 2, trở thành đại diện Việt Nam xuất sắc nhất tại cuộc thi này."
1,Tại sao sương mù xuất hiện dày đặc ở TP HCM vào sáng 21/9?,"Sương mù xuất hiện dày đặc ở TP HCM vì mấy ngày trước mưa lớn khiến độ cao ẩm, khi đêm về nhiệt độ hạ xuống cộng với hơi nước có sẵn trong không khí đã ngưng tụ thành hạt sương. Đồng thời, do những khối không khí từ nơi khác đem thêm hơi ẩm tới tạo thành sương mù hỗn hợp. Mức ô nhiễm của TP HCM quá cao cũng là một yếu tố gây ra sương mù này.","['ngữ cảnh 1: Sương mù dày đặc bao phủ Sài Gòn, người dân thích thú.  Sáng 21/9 sương mù xuất hiện dày đặc ở TP HCM kèm theo thời tiết se lạnh, khiến nhiều người thích thú..  Theo báo Dân Việt, tại các tuyến đường ven sông Sài Gòn như Mai Chí Thọ, Phạm Văn Đông...sương mù xuất hiện khá nhiều. Ngoài ra tại các huyện vùng ven như Bình Chánh, Nhà Bè....sương mù cũng khá nhiều, đứng xa khoảng 200m đã không nhìn thấy người lưu thông phía trước.. Sương mù xuất hiện vào sáng 21.9 tại nhiều quận huyện của TP.HCM. Ảnh: Dân Việt. Chị Nguyễn Thị Hương (ngụ quận 2) cho biết, sáng sớm chạy xe trên đường trời mát, sương mù bao phủ khắp phố phường cảm giác rất thích. Cảnh tượng nhìn giống ở Đà Lạt. Tuy nhiên, chị Hương cũng lo ngại hiện tượng này ảnh hưởng đến sức khỏe.. Đến khoảng 8h cùng ngày, khi những tia nắng hiện lên thì sương mù bắt đầu tan dần.. Những ngôi nhà cao tầng ẩn hiện trong làn sương mù. Ảnh: Dân Trí. Trước hiện tượng sương mù xuất hiện dày đặc ở TP HCM, trả lời báo Tri thức Trực', 'tia nắng hiện lên thì sương mù bắt đầu tan dần.. Những ngôi nhà cao tầng ẩn hiện trong làn sương mù. Ảnh: Dân Trí. Trước hiện tượng sương mù xuất hiện dày đặc ở TP HCM, trả lời báo Tri thức Trực tuyến, bà Lê Thị Xuân Lan, Chuyên gia Khí tượng cho biết, sương mù xuất hiện là do mấy ngày trước mưa lớn khiến độ cao ẩm, khi đêm về nhiệt độ hạ xuống cộng với hơi nước có sẵn trong không khí đã ngưng tụ thành hạt sương. Đồng thời, do những khối không khí từ nơi khác đem thêm hơi ẩm tới tạo thành sương mù hỗn hợp.. Ảnh: Tri thức Trực tuyến. Cũng theo bà Lan, do mức ô nhiễm của TP HCM quá cao nên sương mù xuất hiện dày đặc. Bà Lan cũng khẳng định đây là sương mù chứ không phải mù khô như một số thông tin.. Ảnh: Dân Việt. “Sương mù càng nhiều, mức độ ô nhiễm của không khí càng cao. Trong khi sương mù nó lãng đãng ở tầm thấp, người dân hít sương mù này thường sẽ mắc các bệnh về hô hấp. Người dân khi thấy sương mù nhiều thì cần cẩn trọng, che chắn bảo vệ lá phổi của mình”, chuyên gia khí tượng', 'ngữ cảnh 1: Chủ tịch UBND quận 5 xin lỗi tiểu thương chợ An Đông.  Chủ tịch UBND Quận 5, TP HCM đã gửi lời xin lỗi tới những tiểu thương chợ An Đông về những bức xúc xung quanh việc chậm cải tạo, sửa chữa chợ..  Theo thông tin từ VOV, chiều 20/9, Chủ tịch UBND quận 5, TP HCM - ông Phạm Quốc Huy, chủ trì buổi họp báo liên quan đến việc thương nhân chợ An Đông bãi thị ngày 19/9.. Trước đó, sáng ngày 19/9, có khoảng 300 người tụ tập trước cổng chợ An Đông (quận 5, TP HCM) với trang phục áo thun đỏ, nón đỏ cùng với một số băng rôn như “Yêu cầu bãi bỏ hợp đồng thuê sạp vì là chợ truyền thống không thu tiền thuê quầy”, “Yêu cầu công nhận quyền sở hữu quầy sạp của tiểu thương”, “Yêu cầu gửi 217 tỉ đồng do tiểu thương đóng góp sửa chợ vào ngân hàng”.. Ngay sau đó, dù Chủ tịch UBND Quận 5 có mặt tiếp xúc thương nhân nhưng họ không đồng ý và đến UBND TP HCM. Tại đây, Văn phòng Tiếp công dân UBND TP HCM đã tiếp nhận đơn của đại diện thương nhân và hẹn ngày giải quyết vào 29/9.. Với yêu cầu bãi bỏ']","Sương mù xuất hiện dày đặc ở TP HCM vào sáng 21/9 do một số lý do sau:

1. **Mưa lớn trước đó**: Mưa lớn trong vài ngày trước đã làm tăng độ ẩm trong không khí.
2. **Nhiệt độ hạ thấp vào ban đêm**: Khi nhiệt độ giảm vào ban đêm, hơi nước trong không khí ngưng tụ thành hạt sương.
3. **Khối không khí mang ẩm từ nơi khác**: Những khối không khí mang theo hơi ẩm từ các khu vực khác đã góp phần tạo thành sương mù hỗn hợp.
4. **Mức ô nhiễm cao**: Mức độ ô nhiễm không khí cao ở TP HCM cũng là nguyên nhân khiến sương mù xuất hiện dày đặc.

Theo chuyên gia khí tượng, sương mù càng nhiều, mức độ ô nhiễm của không khí càng cao, và người dân cần cẩn trọng để bảo vệ sức khỏe, đặc biệt là hệ hô hấp."
2,Vụ nổ tại nhà máy hóa dầu Lâm Nghi Kim Dự ở đâu xảy ra và ảnh hưởng đến bao nhiêu người?,"Vụ nổ tại nhà máy hóa dầu Lâm Nghi Kim Dự đã xảy ra tại Khu phát triển Kinh tế Lâm Nghi Lâm Cảng, tỉnh Sơn Đông, Trung Quốc vào lúc 2h sáng (giờ Hà Nội) ngày 5/6. Hiện có 1 người chết, 6 người bị thương và 7 người mất tích.","['ngữ cảnh 1: Nổ nhà máy hóa dầu Trung Quốc, 7 người thương vong.  Nhà máy hóa dầu Lâm Nghi Kim Dự, tỉnh Sơn Đông đã bất ngờ phát nổ khiến 7 người thương vong, 7 người mất tích..  Tân Hoa Xã thông tin, một vụ nổ chấn động kèm theo hỏa hoạn tại Khu phát triển Kinh tế Lâm Nghi Lâm Cảng đã xảy ra sáng 5/6 của Công ty TNHH Lọc hóa dầu Lâm Nghi Kim Dự.. Vụ nổ xảy ra vào lúc 2h sáng (giờ Hà Nội) và gây ra hỏa hoạn tại khu vực bốc hàng của Công ty TNHH Lọc hóa dầu Lâm Nghi Kim Dự nằm trong khu phát triển kinh tế của tỉnh Sơn Đông, Trung Quốc.. Clip vụ nổ và hỏa hoạn tại nhà máy lọc hóa dầu ở Trung Quốc. Theo con số thương vong được cập nhật, 1 người chết, 6 người bị thương và 7 người vẫn mất tích.. Đội tìm kiếm và cứu hộ đã nhanh chóng được đưa tới hiện trường để cấp cứu những người bị thương.. Vụ cháy khiến 1 người chết và nhiều thương vong. Ảnh: SCMP. Hiện vẫn chưa tìm được nguyên nhân vụ nổ.. Những người chịu trách nhiệm của công ty này đã bị bắt giữ, theo Daily Star.. Vụ cháy được nhìn thấy', 'khiến 1 người chết và nhiều thương vong. Ảnh: SCMP. Hiện vẫn chưa tìm được nguyên nhân vụ nổ.. Những người chịu trách nhiệm của công ty này đã bị bắt giữ, theo Daily Star.. Vụ cháy được nhìn thấy từ ngoài đường lớn.. Các vụ tai nạn gây thương vong thường xảy ra tại các nhà máy công nghiệp ở Trung Quốc trong gần 3 thập niên qua. Nguyên nhân chủ yếu là do việc quản lý các tiêu chuẩn an toàn lao động lỏng lẻo.. Ảnh: Reuters Khói bốc lên từ một vụ cháy tại một nhà máy hóa dầu thuộc tỉnh Phúc Kiến ngày 7/4/ 2015.. Năm 2015, loạt vụ nổ hóa chất lớn tại thành phố cảng Thiên Tân, Trung Quốc đã cướp đi sinh mạng của hơn 170 người. Chủ tịch Trung Quốc Tập Cận Bình đã yêu cầu giới chức trong nước phải rút ra bài học xương máu từ vụ việc này.', 'ngữ cảnh 1: Siêu thị ở Nga rung chuyển vì nổ bom.  Vụ nổ do quả bom tự chế chứa khoảng 200g thuốc nổ cùng các mảnh kim loại nhằm tăng tính sát thương gây ra..  Cảnh sát phong tỏa hiện trường vụ nổ - Reuters. Một vụ nổ lớn đã làm rung chuyển siêu thị Perekrestok ở thành phố St. Petersburg (Nga), khiến ít nhất 10 người bị thương.. Theo Reuters dẫn nguồn từ giới chức điều tra ngày 28.12, vụ nổ do quả bom tự chế chứa khoảng 200g thuốc nổ cùng các mảnh kim loại nhằm tăng tính sát thương.. Có ít nhất 50 người đã được sơ tán và nhân viên thuộc Lực lượng vệ binh quốc gia Nga đã được huy động đến đây hiện trường.. Ông Alexander Klaus, người đứng đầu Ủy ban Điều tra của thành phố St. Petersburg, cho biết vụ nổ không gây chết người song gây hư hại nặng cho siêu thị.. Truyền thông Nga loan tin quả bom được cất giấu ở tủ đựng túi xách, vật dụng cá nhân của khách hàng.. Hiện chưa rõ động cơ gây ra vụ nổ song nhà chức trách đã mở cuộc điều tra hình sự nhằm vào vụ việc.']","Vụ nổ tại nhà máy hóa dầu Lâm Nghi Kim Dự xảy ra tại Khu phát triển Kinh tế Lâm Nghi Lâm Cảng, tỉnh Sơn Đông, Trung Quốc. Vụ nổ đã gây ra ảnh hưởng như sau:

- 1 người chết
- 6 người bị thương
- 7 người mất tích

Tổng cộng, vụ nổ đã ảnh hưởng đến 14 người."
3,Tây Ban Nha đã cáo buộc ai về việc thúc giục Catalonia đòi độc lập?,Tây Ban Nha đã cáo buộc một số tổ chức ở Nga và Venezuela đã sử dụng mạng xã hội để thúc giục tiến hành cuộc trưng cầu dân ý đòi độc lập ở Catalonia.,"['ngữ cảnh 1: Tây Ban Nha cáo buộc Nga \'thúc giục\' Catalonia đòi độc lập.  Tây Ban Nha vừa lên tiếng cáo buộc một số tổ chức ở Nga đã sử dụng mạng xã hội để thúc giục tiến hành cuộc trưng cầu dân ý đòi độc lập ở Catalonia vào tháng 10 vừa qua..  Bộ trưởng Quốc phòng Tây Ban Nha Maria Dolores de Cospedal và Ngoại trưởng Alfonso Dastis vừa khẳng định, có bằng chứng cho thấy nhiều tổ chức tư nhân hoặc thậm chí được chính phủ hỗ trợ của Nga và Venezuela đã sử dụng mạng xã hội để phát động phong trào đòi độc lập ở Catalonia vào hồi tháng 10.. Ngoại trưởng Dastis nói trong phiên họp với các bộ trưởng của EU tại Brussels rằng, một nửa số tài khoản mạng xã hội có nội dung kích động độc lập và tuyên truyền ủng hộ trưng cầu dân ý đòi độc lập ở Catalonia đều xuất phát từ lãnh thổ Nga và 30% đến từ Venezuela.. Tây Ban Nha cáo buộc Nga ""thúc giục"" Catalonia đòi độc lập. Ngoại trưởng Dastis cho biết, ông đã phản ánh vấn đề này với Điện Kremlin, tuy nhiên Moscow đã phủ nhận mọi sự can thiệp và khẳng', 'Oct 30, 2017 ... Tây Ban Nha kêu gọi truy tố các cựu lãnh đạo Catalonia với cáo buộc nổi loạn, liên quan đến việc vùng tự trị này đòi độc lập. - VnExpress.', 'Tây Ban Nha cáo buộc Nga ""thúc giục"" Catalonia đòi độc lập. Ngoại trưởng Dastis cho biết, ông đã phản ánh vấn đề này với Điện Kremlin, tuy nhiên Moscow đã phủ nhận mọi sự can thiệp và khẳng định rằng, các cáo buộc của phương Tây nhằm để làm mất tín nhiệm Nga.. Ngày 15/11, đề cập đến cáo buộc Moscow can thiệp vào những sự kiện tại vùng Catalonia của Tây Ban Nha, Ngoại trưởng Nga Sergey Lavrov cho rằng Mỹ và châu Âu không còn việc gì làm ngoài cáo buộc Nga can thiệp. Ông Lavrov nhấn mạnh, những cáo buộc đối với Moskva chỉ nhằm đánh lạc hướng dư luận khỏi các vấn đề nội bộ của Tây Ban Nha.. Tại cuộc họp báo ở Moscow, ông Lavrov cho biết, các cáo buộc chỉ nhằm tạo “tin giật gân"". Cùng ngày, người phát ngôn Dmitry Peskov của Tổng thống Nga gọi những cáo buộc trên là “vô căn cứ,"" vì Chính phủ Tây Ban Nha, Tổ chức Hiệp ước Bắc Đại Tây Dương (NATO) hay báo chí đều không đưa ra bất kỳ bằng chứng có lý nào về cáo buộc trên.']",Tây Ban Nha đã cáo buộc Nga về việc thúc giục Catalonia đòi độc lập.
4,Lý Hải có bao giờ hết thời trong sự nghiệp ca hát không?,"Vâng, Lý Hải đã hết thời trong sự nghiệp ca hát do ảnh hưởng của xu hướng Làn Sóng Xanh. Tuy nhiên, anh quay lại sự nghiệp bằng cách chế tạo một video ca nhạc kết hợp hài kịch có tên là 'Trọn đời bên em', giúp anh có thể chạy show trở lại và trả nợ.","[""ngữ cảnh 1: Lý Hải chạnh lòng tự nhận mình đã hết thời.  Nhiều khán giả tưởng cuộc đời Lý Hải sẽ êm đềm hơn các đồng nghiệp, nào ngờ nam ca sĩ 'Trọn đời bên em' cũng phải chịu đựng những ngậm ngùi, tủi nhục của kiếp cầm ca..  Lý Hải tên thật là Nguyễn Văn Hải, sinh ra tại Mỹ Tho, Tiền Giang. Rời xa ruộng đồng, làng quê, Nguyễn Văn Hải lên Sài Gòn và theo học tại Trường Nghệ thuật - Sân khấu 2. Số phận run rủi khi Văn Hải học sân khấu đúng vào thời điểm kịch nghệ đang tuột dốc không phanh. Để bươn chải, anh được người bạn xúi đi hát để kiếm tiền và may ra, có thể chuyển hướng nghề nghiệp.. Cơ duyên đưa đẩy, chàng ca sĩ nghiệp dư đã gặp gỡ đạo diễn Huỳnh Phúc Điền, Phương Bình và có cơ hội đi hát ở những tụ điểm nhỏ. Trong một buổi diễn tại Trà Vinh, Văn Hải bất ngờ khi thấy chữ “Lý Hải” được dán trên băng rôn trước cổng. Tưởng bị thay thế bởi ca sĩ khác, Văn Hải hớt hả chạy vào hỏi Huỳnh Phúc Điền & Phương Bình thì biết hai người anh đã tự đặt nghệ danh cho mình “vì mày giống Hồng Kông"", 'đã bị vùi dập bởi cơn sốt Làn Sóng Xanh. Vào những năm 1996 và 1997, Làn Sóng Xanh xuất hiện như một hơi thở mới của dòng nhạc nhẹ Việt Nam.. Nam ca sĩ kể: Hải bị lỗi thời, khán giả ngày càng ít còn bầu show gặp mình cứ như người chưa từng quen biết. Nhiều đàn em trong nghề xem thường và chẳng thèm chào mình nữa.. Từ gần 20 show một đêm,Lý Hải chỉ đi được vài show một tháng. Khi Trấn Thành hỏi đích danh hậu bối đã xúc phạm mình, Lý Hải ngập ngừng.. Móc trong túi còn đúng 5 ngàn, Lý Hải lủi thủi năn nỉ Đồng Dao hãy thương giúp mình. Túng thiếu đủ đường, nam ca sĩ còn cầm cố nhà cửa, vay nóng 150 triệu với lãi suất 3% để kịp tiến độ quay.. Khi Trấn Thành hỏi: Liệu anh lại hết thời 1 lần nữa thì sao?. Lý Hải bình tĩnh trả lời: Mình đã rớt xuống vực thẳm rồi thì có tụt xuống 1 lần nữa cũng đã quen. Lý Hải biết rằng tre già thì măng phải mọc.. Ngày ấy, Lý Hải là gương mặt quen thuộc chuyên hát lót tại các tụ điểm. Trên chiếc xe đạp lộc cộc, tồi tàn, Lý Hải mặc duy nhất 1 bộ quần áo và miệt', 'Xanh xuất hiện như một hơi thở mới của dòng nhạc nhẹ Việt Nam. Cũng nhờ hiện tượng này mà hàng loạt cái tên đã được chạm bước đến đài danh vọng như Phương Thanh, Lam Trường, Đan Trường và cả Thanh Lam, Hồng Nhung, Mỹ Linh, Trần Thu Hà...Thế nhưng, làn sóng ấy đã không xô đến cái tên Lý Hải. Nam ca sĩ kể: “Hải bị lỗi thời, khán giả ngày càng ít còn bầu show gặp mình cứ như người chưa từng quen biết. Nhiều đàn em trong nghề xem thường và chẳng thèm chào mình nữa”. Từ gần 20 show một đêm, “đôi chân vàng” Lý Hải chỉ đi được vài show một tháng. Khi Trấn Thành hỏi đích danh hậu bối đã xúc phạm mình, Lý Hải ngập ngừng.. Nhớ lại thời gian ấy, Lý Hải thú nhận: “Tôi hết thời rồi” nên quyết định giải nghệ. Rời bỏ ca hát, Lý Hải bỏ hơn 1 chỉ vàng để đi học may theo lời chị ruột. “Mới may được cái quần tà lỏn thì Hải nghỉ vì nhớ sân khấu quá” - Lý Hải hóm hỉnh nhớ lại. Không được gia nhập Làn Sóng Xanh, Lý Hải chọn phân khúc khán giả bình dân hơn để phục vụ. Cảm thấy áp lực và tủi thân vì Làn Sóng']","Dựa trên ngữ cảnh được cung cấp, có thể thấy Lý Hải đã trải qua giai đoạn ""thất thời"" trong sự nghiệp ca hát của mình. Cụ thể:

- Từ gần 20 show một đêm, Lý Hải chỉ còn đi được vài show một tháng.
- Khán giả ngày càng ít, bầu show gặp anh như người chưa từng quen biết.
- Nhiều đàn em trong nghề xem thường và không chào anh.
- Lý Hải phải lủi thủi năn nỉ Đồng Dao để được giúp đỡ.
- Anh còn phải cầm cố nhà cửa và vay nóng để trả nợ.

Tuy nhiên, Lý Hải vẫn tiếp tục hoạt động trong lĩnh vực nghệ thuật, mặc dù phải chuyển sang phân khúc khán giả bình dân hơn. Anh cũng đã quyết định giải nghệ và chuyển sang học may theo lời khuyên của chị ruột. Điều này cho thấy dù có ""thất thời"", Lý Hải vẫn không từ bỏ hoàn toàn niềm đam mê nghệ thuật."
